series,model,h,n,MAPE,RMSE
IPC_ES,ART,1,25,0.3797,0.4979
IPC_ES,ART,12,25,3.6896,4.7560
IPC_ES,ART,24,24,7.1456,8.1992
IPC_FR,ART,1,25,0.2383,0.3202
IPC_FR,ART,12,25,2.1367,2.9791
IPC_FR,ART,24,24,5.1914,6.5170
IPC_DE,ART,1,25,0.3132,0.4842
IPC_DE,ART,12,25,3.2748,4.2133
IPC_DE,ART,24,24,7.6115,9.1889
IPC_ES,diag(uni),1,25,0.3802,0.5052
IPC_ES,diag(uni),12,25,3.6988,4.7738
IPC_ES,diag(uni),24,24,7.1635,8.2180
IPC_FR,diag(uni),1,25,0.2428,0.3189
IPC_FR,diag(uni),12,25,2.0998,2.9989
IPC_FR,diag(uni),24,24,5.1409,6.4734
IPC_DE,diag(uni),1,25,0.2901,0.4818
IPC_DE,diag(uni),12,25,3.3206,4.3685
IPC_DE,diag(uni),24,24,7.6522,9.2459
IPC_ES,full,1,25,0.4096,0.5219
IPC_ES,full,12,25,3.7262,4.8045
IPC_ES,full,24,24,7.1560,8.2191
IPC_FR,full,1,25,0.2417,0.3406
IPC_FR,full,12,25,2.0533,2.9518
IPC_FR,full,24,24,5.1322,6.4529
IPC_DE,full,1,25,0.2928,0.4807
IPC_DE,full,12,25,3.3521,4.3865
IPC_DE,full,24,24,7.6531,9.2582
