"k","ksa","r3m","r10y","rgnp"
-1.22686,-1.22683,0.6831,NA,7.26641
-1.20181,-1.20216,0.76686,1.09761,7.2758
-1.22454,-1.22275,0.67141,1.07056,7.27115
-1.21438,-1.21707,0.3873,0.97191,7.26305
-1.22605,-1.22582,0.05827,0.892,7.24907
-1.22598,-1.22504,-0.23953,0.85314,7.24508
-1.24536,-1.24511,-0.12443,0.85314,7.257
-1.27515,-1.27537,0.01686,0.90543,7.27156
-1.27538,-1.276,0.20457,0.97191,7.29275
-1.27897,-1.27775,0.39407,1.01632,7.30364
-1.27372,-1.27315,0.61896,1.08079,7.31688
-1.26812,-1.2685,0.85015,1.06815,7.32561
-1.27093,-1.27077,0.84458,1.06471,7.32363
-1.27519,-1.27363,0.94274,1.1259,7.32817
-1.26832,-1.26777,0.94895,1.18571,7.3289
-1.26726,-1.26633,1.10955,1.24502,7.33993
-1.26235,-1.26255,1.1314,1.22466,7.34814
-1.26359,-1.26177,1.14327,1.28841,7.34756
-1.25523,-1.25589,1.20985,1.36788,7.3534
-1.24984,-1.24998,1.19483,1.29006,7.33778
-1.25641,-1.25691,0.56531,1.11186,7.31728
-1.27845,-1.27556,-0.04395,1.07261,7.32264
-1.28127,-1.28293,0.51879,1.25276,7.34601
-1.28207,-1.282,0.98954,1.335,7.36941
-1.35216,-1.29197,1.01993,1.38379,7.38175
-1.35508,-1.29017,1.09861,1.44856,7.40062
-1.35877,-1.28696,1.26413,1.50474,7.39603
-1.35036,-1.28608,1.4422,1.52235,7.40452
-1.34675,-1.27424,1.35403,1.50118,7.42154
-1.34434,-1.27284,1.09628,1.44927,7.41866
-1.35867,-1.28797,0.85866,1.34365,7.41962
-1.35659,-1.28659,0.83595,1.35764,7.41101
-1.36546,-1.29158,0.85441,1.33157,7.42136
-1.37491,-1.29116,0.83421,1.33237,7.43373
-1.37352,-1.29713,0.83421,1.38128,7.44793
-1.37163,-1.30664,0.90016,1.37952,7.47017
-1.3669,-1.28871,1.00173,1.39053,7.48319
-1.3631,-1.28762,0.99806,1.35403,7.49354
-1.35407,-1.28679,1.0438,1.38379,7.50279
-1.35148,-1.2826,1.03425,1.36174,7.50114
-1.34935,-1.35115,1.06712,1.35918,7.51458
-1.34073,-1.3411,1.07739,1.377,7.52833
-1.33479,-1.33404,1.1918,1.39451,7.54565
-1.32813,-1.32997,1.2519,1.41585,7.55281
-1.31965,-1.32183,1.2613,1.43031,7.57492
-1.30846,-1.30794,1.24617,1.43508,7.58345
-1.31119,-1.31052,1.2519,1.4327,7.59347
-1.31362,-1.31258,1.30373,1.42863,7.59775
-1.30793,-1.30657,1.35841,1.4358,7.61918
-1.30175,-1.30108,1.35403,1.43675,7.63356
-1.29592,-1.2955,1.35248,1.44621,7.64936
-1.29394,-1.29344,1.4272,1.49806,7.67211
-1.29519,-1.29451,1.52823,1.56235,7.6917
-1.29038,-1.29089,1.52323,1.56444,7.6943
-1.27007,-1.26971,1.618,1.63705,7.7045
-1.25842,-1.2588,1.65058,1.61004,7.7094
-1.25263,-1.25384,1.50696,1.52235,7.71503
-1.25705,-1.25819,1.29746,1.57277,7.72099
-1.27082,-1.27253,1.45861,1.65766,7.7353
-1.27302,-1.27373,1.55878,1.73042,7.74092
-1.26666,-1.26646,1.61939,1.72935,7.75246
-1.26919,-1.26792,1.70838,1.74798,7.76934
-1.27012,-1.27003,1.64808,1.69745,7.77708
-1.27253,-1.27148,1.72044,1.75267,7.77611
-1.27502,-1.27295,1.80714,1.82083,7.79268
-1.2677,-1.26738,1.82406,1.84893,7.79342
-1.25224,-1.25295,1.94919,1.92527,7.79799
-1.24053,-1.24028,1.99511,1.98746,7.78734
-1.23704,-1.23529,1.97547,1.99742,7.7868
-1.22588,-1.22632,1.89867,2.04291,7.78593
-1.22078,-1.22207,1.8453,2.00955,7.79803
-1.22328,-1.22335,1.67766,1.92469,7.78896
-1.22377,-1.22197,1.34547,1.79459,7.81545
-1.22733,-1.22774,1.44692,1.8321,7.81537
-1.22089,-1.22173,1.61144,1.86918,7.82048
-1.21619,-1.21626,1.4422,1.77326,7.82044
-1.22181,-1.21992,1.2346,1.79724,7.84212
-1.22345,-1.22436,1.32707,1.81531,7.86138
-1.22676,-1.22697,1.43983,1.83896,7.87173
-1.22592,-1.22641,1.58166,1.85207,7.89032
-1.22619,-1.22516,1.74047,1.88813,7.91352
-1.21215,-1.21298,1.88752,1.91795,7.91608
-1.20443,-1.20388,2.11902,1.97547,7.91509
-1.19443,-1.19554,2.0149,1.90999,7.924
-1.18328,-1.18323,2.03038,1.95345,7.91841
-1.16377,-1.1643,2.09839,2.02062,7.92124
-1.14907,-1.14868,2.10291,2.07481,7.90813
-1.12812,-1.12907,1.99606,2.03732,7.8993
-1.10741,-1.10677,1.7492,2.02022,7.87956
-1.0999,-1.09994,1.6851,2.08567,7.88968
-1.09249,-1.09229,1.8453,2.11589,7.90651
-1.07688,-1.07726,1.72758,2.08729,7.92034
-1.06438,-1.06384,1.5927,2.04808,7.93894
-1.04871,-1.04947,1.64035,2.05066,7.94339
-1.0362,-1.03583,1.639,2.04511,7.94754
-1.03508,-1.03516,1.5418,1.97269,7.95746
-1.03776,-1.03677,1.53256,1.99511,7.97109
-1.03149,-1.03236,1.57691,1.99742,7.98708
-1.02216,-1.02258,1.7042,1.99565,8.00697
-1.01837,-1.01829,1.80993,2.02775,8.0044
-1.01113,-1.0108,1.8552,2.08069,8.01318
-1.01007,-1.01096,1.86826,2.11866,8.04427
-1.00737,-1.00767,1.98965,2.13889,8.05281
-0.99573,-0.99482,2.14827,2.17702,8.06514
-0.98062,-0.97907,2.2389,2.20904,8.06517
-0.97524,-0.98476,2.23826,2.2097,8.06423
-0.98611,-0.98243,2.26934,2.2086,8.07322
-0.97149,-0.96555,2.47174,2.34631,8.07131
-0.95585,-0.9558,2.59174,2.48382,8.08129
-0.90995,-0.91982,2.26353,2.34918,8.05738
-0.93938,-0.93518,2.21408,2.39361,8.05804
-0.94294,-0.93662,2.61102,2.51955,8.07066
-0.93048,-0.93088,2.66653,2.56187,8.08982
-0.929,-0.93912,2.70183,2.62104,8.08647
-0.93421,-0.92874,2.71158,2.6978,8.09089
-0.93229,-0.92743,2.46385,2.64525,8.07683
-0.92987,-0.93196,2.55046,2.65977,8.06161
-0.90719,-0.91476,2.51931,2.63404,8.0646
-0.91043,-0.90575,2.23184,2.57391,8.05658
-0.93609,-0.93308,2.06775,2.36715,8.05811
-0.93585,-0.93792,2.09273,2.35736,8.06671
-0.93894,-0.94272,2.12787,2.35546,8.08896
-0.94946,-0.94585,2.21266,2.45333,8.10361
-0.93548,-0.93375,2.17475,2.45848,8.12121
-0.92676,-0.92877,2.21594,2.48014,8.14662
-0.92447,-0.92584,2.28208,2.58022,8.15995
-0.91616,-0.91419,2.33408,2.55467,8.16639
-0.91255,-0.91199,2.17509,2.46326,8.17053
-0.92642,-0.92757,2.10206,2.44954,8.18242
-0.9375,-0.93724,2.00955,2.38075,8.18847
-0.95643,-0.95564,1.96108,2.33573,8.19858
-0.97057,-0.9695,1.96949,2.27829,8.20587
-0.97807,-0.97883,1.93109,2.14675,8.22129
-1.00655,-1.00604,1.81482,2.02854,8.21922
-1.03834,-1.03914,1.70892,1.98883,8.22183
-1.07117,-1.06976,1.67766,1.98279,8.22542
-1.08421,-1.08556,1.71145,1.97311,8.23661
-1.08205,-1.08176,1.73289,2.12142,8.24879
-1.05939,-1.06047,1.7989,2.18346,8.25979
-1.04268,-1.04002,1.76866,2.2108,8.27461
-1.0213,-1.02283,1.74449,2.13025,8.28301
-1.01601,-1.01598,1.82616,2.18717,8.29034
-1.00832,-1.0097,1.94734,2.20827,8.2964
-0.99413,-0.99109,2.04472,2.19243,8.30237
