"m1","p","gdp","r"
4681,0.27302,116196,2.85333
4714.66406,0.27583,117464,3.5
4700,0.28221,118336,4.06333
4654,0.27927,122060,4.52
4595,0.28136,121508,5.20667
4608.66406,0.2835,121300,5.32
4562.66406,0.28595,122160,5.32
4638.66406,0.28416,120916,5.17667
4754.66406,0.28618,120904,4.12333
4952.66406,0.28885,123540,2.91
5167,0.28769,125176,2.60333
5301.33203,0.28751,126812,2.99667
5249.66406,0.29242,126968,3.9
5178,0.29354,128336,5.03667
5163.33203,0.29384,129732,6.10333
5101,0.29466,130956,5.69
5133.66406,0.29654,133568,4.91667
5225,0.29756,131000,3.98
5251.66406,0.29741,133000,3.10667
5342.66406,0.29712,133440,3.98333
5441.33203,0.29816,132384,3.69667
5413,0.2976,136076,3.53
5551,0.29888,138464,3.13667
5638.66406,0.2998,140732,3.10667
5631,0.30042,144732,3.46
5652,0.30229,144892,4.1
5642.66406,0.30434,147100,5.57667
5846.33203,0.30444,149732,4.4
5888.33203,0.30611,150704,4.15333
6051.33203,0.30761,152568,3.64333
6069.33203,0.31026,154092,4.06333
6105.33203,0.31241,159532,4.18333
6237.66406,0.3124,162548,4.11
6326.66406,0.31644,163216,4.01333
6350.66406,0.3191,165676,4.23667
6426,0.32098,166576,4.43667
6532.33203,0.32244,171692,4.42667
6696,0.32693,173368,4.71
6841.66406,0.32991,175916,5.15333
6878,0.33257,180460,5.78333
7036.66406,0.33772,184592,6.04333
7150.66406,0.34236,187100,6.14667
7219.66406,0.34646,187624,6.36667
7428.33203,0.34865,189736,6.51667
7699.66406,0.35392,189332,5.9
7887,0.35739,193132,5.23333
7926.66406,0.35853,193972,5.73
8074.66406,0.36326,194572,6.52333
8051,0.36814,196556,6.97333
8031,0.3698,201568,7.28
8376,0.37219,205088,6.53333
8545,0.37517,209076,6.50333
8726,0.38165,210604,6.92667
8910.66406,0.38729,211748,7.34333
8821,0.38967,214584,8.32333
8871.33203,0.39344,218848,8.8
8916.33203,0.40107,218504,8.44
8955.33203,0.40471,217400,7.63
9088,0.40701,221176,7.34
9252,0.41113,220912,5.95667
9609.66406,0.41356,222884,4.74
10039,0.41741,229796,3.96667
10406,0.41955,236684,4.70333
10818.66406,0.42546,239184,4.63333
11096.66406,0.43421,238420,4.79
11396,0.43861,244928,5.71333
11826,0.44457,245864,4.84667
12401,0.45242,252552,5.05667
12795,0.45947,260360,5.08
13238,0.47399,262716,6.62667
13622.33203,0.48851,263604,8.45667
13901.66406,0.50431,270796,9.65
14225.66406,0.52434,273488,9.02667
14918.33203,0.54486,275072,11.43667
14655,0.56133,276736,11.48333
14739,0.57342,278728,10.07667
15629.66406,0.58375,278432,6.86333
16238.33203,0.59664,281048,7.33667
16850.33203,0.61345,285228,8.37667
17855.66406,0.62827,288040,9.16333
17700.66406,0.63983,294624,9.29
17803,0.65702,301344,9.37667
18102,0.66058,303416,9.38333
18331,0.67543,303168,8.63667
18767,0.68344,308204,7.9
19350,0.69604,309360,7.25
19696,0.7057,311344,7.33667
20208.66406,0.71216,317108,7.41667
20686.33203,0.72114,320172,7.45333
21110.33203,0.73222,324836,8.33667
21691.33203,0.74804,327040,9.04667
22400.33203,0.76456,330956,10.49667
22175,0.77947,334800,11.13333
22841,0.80861,336708,11.16667
23461,0.82639,340096,11.8
23427.33203,0.84863,341844,14.18333
23811,0.86693,342776,14.38333
23612.33203,0.8895,342264,12.98333
24543,0.91553,340716,10.71667
25638.66406,0.93743,347780,14.53333
25316,0.96523,354836,17.13333
25501.33203,0.98774,359352,18.56667
25382.33203,1.01314,356152,21.01666
24753,1.0341,353636,16.61665
25094.33203,1.05743,349568,15.35
25253.66406,1.07748,345284,16.04999
24936.66406,1.09666,343028,14.31667
25553,1.11641,340292,10.88333
26755.33203,1.12303,346072,9.61667
27412,1.13395,353860,9.31667
28403.33203,1.14721,359544,9.33333
28402.33203,1.16059,362304,9.55
28715.66406,1.17117,368280,10.08333
28996.33203,1.17406,376768,11.45
28479.33203,1.17795,381016,12.45
28669,1.18438,385396,10.76667
29018.66406,1.1899,390240,10.51667
29398.66406,1.20625,391580,9.66667
30203.66406,1.21492,396384,9.03333
31059.33203,1.21805,405308,9.01667
30745.33203,1.22408,405680,11.03333
30477.66406,1.22856,408116,8.73333
31563.66406,1.23916,409160,8.46667
32800.66406,1.25368,409616,8.4
33958.33203,1.27117,416484,7.25
35795.66406,1.28429,422916,8.3
35878.66406,1.29599,429980,9.3
36336,1.31001,436264,8.7
36480.33203,1.32325,440592,8.61667
37108.66406,1.33219,446680,9.13333
38423,1.35065,450328,10.05
38480.66406,1.36648,453516,10.83333
