"conl","incl"
9.793952,9.850719
9.855662,9.922947
9.877965,9.912794
9.917933,9.91941
9.812742,9.88878
9.866045,9.934502
9.874471,9.929204
9.928229,9.957407
9.818474,9.896362
9.890504,9.960246
9.900533,9.939578
9.953182,9.976738
9.852983,9.925787
9.906384,9.965711
9.920394,9.958828
9.978781,9.9835
9.879911,9.944965
9.958638,10.02575
9.963359,10.0144
10.02455,10.04594
9.939482,10.00717
10.00193,10.08343
10.00043,10.07916
10.03867,10.11622
9.961096,10.06441
10.02371,10.12114
10.0254,10.13289
10.05809,10.13162
9.975716,10.07386
10.05057,10.12041
10.04403,10.13638
10.08656,10.16246
10.00568,10.10406
10.09051,10.16115
10.10806,10.19571
10.13174,10.21233
10.0541,10.16808
10.11597,10.20444
10.12967,10.22256
10.15821,10.24431
10.07513,10.19757
10.12631,10.22568
10.14628,10.23484
10.17027,10.26284
10.10025,10.26782
10.16146,10.24406
10.15429,10.23545
10.17294,10.26263
10.10012,10.22318
10.16385,10.26566
10.19054,10.28408
10.2272,10.29452
10.16973,10.28165
10.17557,10.29126
10.2043,10.27371
10.24438,10.29171
10.14628,10.27726
10.19627,10.29177
10.2116,10.28545
10.26032,10.31927
10.16146,10.29215
10.21896,10.33741
10.24945,10.34071
10.28957,10.35622
10.18467,10.30159
10.24733,10.34026
10.27877,10.34814
10.32964,10.38511
10.24402,10.36161
10.30622,10.44191
10.33595,10.42448
10.3924,10.47107
10.33199,10.44892
10.35255,10.50007
10.3791,10.50578
10.41817,10.51089
10.30042,10.46721
10.3353,10.46305
10.36587,10.50493
10.42005,10.49665
10.31241,10.50589
10.33984,10.4785
10.35022,10.48991
10.39234,10.47084
10.3032,10.47016
10.33055,10.46801
10.3598,10.5107
10.41208,10.47373
10.30068,10.44459
10.31513,10.44447
10.34945,10.47751
10.41787,10.51056
10.3612,10.49449
10.37533,10.53092
10.4125,10.55101
10.45392,10.56896
10.39577,10.55362
10.44564,10.58613
10.4477,10.58208
10.4905,10.63969
10.43191,10.59901
10.40844,10.59541
10.4466,10.61411
10.47249,10.60743
10.40961,10.59531
10.41223,10.57408
10.44587,10.57679
10.48033,10.57116
10.40068,10.57852
10.41052,10.57147
10.45786,10.58679
10.50775,10.5883
10.43506,10.57595
10.44953,10.59841
10.50117,10.6159
10.54088,10.62835
10.45772,10.6019
10.47438,10.61859
10.49916,10.6202
10.5607,10.66235
