"cons","inc","price"
5011,5657,61.8
5368,6049,62.1
5424,5914,63.1
5718,6115,62.2
5147,5836,63.2
5439,6097,64.4
5537,6052,64.4
5818,6175,65.1
5253,5955,64.9
5669,6480,64.5
5722,6387,64.9
6069,6578,65.5
5510,6330,64.9
5913,6870,65.4
5951,6821,65.9
6246,7051,66.7
5702,6693,66.6
6062,7106,67.2
6122,7168,68.5
6380,7205,69.2
5749,6734,70.1
6154,7071,71.3
6194,7181,71.4
6489,7398,71.8
5866,6933,72.1
6367,7360,72.8
6514,7605,72.4
6718,7746,73.6
6123,7366,73.7
6520,7656,75.2
6651,7779,75.5
6895,7988,76.7
6195,7607,77.6
6592,7839,79.3
6770,7902,79.6
7005,8158,80.4
6383,8167,81
6816,7983,82.4
6882,7913,82.9
7068,8145,84.1
6429,7802,84.5
6865,8169,84.9
7029,8291,85
7310,8399,85.8
6718,8323,86.8
6968,8236,88.8
7115,8263,89.8
7430,8452,91.2
6707,8248,93
7077,8273,94
7181,8364,94.8
7617,8645,96
6776,8313,98
7221,8698,99.1
7426,8796,100.2
7786,8959,102.4
6855,8589,104.9
7335,8733,107.9
7467,8941,109.2
7952,9282,110.4
7147,8972,112.9
7636,9655,114.5
7829,9584,116.9
8332,10100,118.9
7539,9750,122.3
7948,10125,125.1
8157,10241,127.6
8691,10534,130
7601,10001,137
7985,9903,144.5
8186,10507,150
8798,11016,154.4
7735,10473,165
7984,10022,178.2
8045,10224,186.5
8646,10434,191.1
