date,ipc,wti
2002-01-01,69.53,19.67
2002-02-01,69.59,20.74
2002-03-01,70.165,24.42
2002-04-01,71.118,26.27
2002-05-01,71.374,27.02
2002-06-01,71.377,25.52
2002-07-01,70.882,26.94
2002-08-01,71.085,28.38
2002-09-01,71.351,29.67
2002-10-01,72.058,28.85
2002-11-01,72.169,26.27
2002-12-01,72.409,29.42
2003-01-01,72.111,32.94
2003-02-01,72.264,35.87
2003-03-01,72.765,33.55
2003-04-01,73.357,28.25
2003-05-01,73.289,28.14
2003-06-01,73.338,30.72
2003-07-01,72.878,30.76
2003-08-01,73.213,31.59
2003-09-01,73.431,28.29
2003-10-01,73.926,30.33
2003-11-01,74.167,31.09
2003-12-01,74.294,32.15
2004-01-01,73.773,34.27
2004-02-01,73.807,34.74
2004-03-01,74.322,36.76
2004-04-01,75.34,36.69
2004-05-01,75.784,40.28
2004-06-01,75.904,38.02
2004-07-01,75.328,40.69
2004-08-01,75.661,44.94
2004-09-01,75.796,45.95
2004-10-01,76.575,53.13
2004-11-01,76.767,48.46
2004-12-01,76.692,43.33
2005-01-01,76.046,46.84
2005-02-01,76.243,47.97
2005-03-01,76.846,54.31
2005-04-01,77.953,53.04
2005-05-01,78.102,49.83
2005-06-01,78.284,56.26
2005-07-01,77.805,58.7
2005-08-01,78.147,64.97
2005-09-01,78.627,65.57
2005-10-01,79.266,62.37
2005-11-01,79.386,58.3
2005-12-01,79.557,59.43
2006-01-01,79.234,65.51
2006-02-01,79.272,61.63
2006-03-01,79.833,62.9
2006-04-01,80.959,69.69
2006-05-01,81.251,70.94
2006-06-01,81.374,70.96
2006-07-01,80.89,74.41
2006-08-01,81.055,73.05
2006-09-01,80.922,63.87
2006-10-01,81.254,58.88
2006-11-01,81.455,59.37
2006-12-01,81.678,62.03
2007-01-01,81.129,54.57
2007-02-01,81.184,59.26
2007-03-01,81.8,60.56
2007-04-01,82.93,63.97
2007-05-01,83.158,63.46
2007-06-01,83.311,67.48
2007-07-01,82.704,74.18
2007-08-01,82.818,72.39
2007-09-01,83.09,79.93
2007-10-01,84.167,86.2
2007-11-01,84.77,94.62
2007-12-01,85.125,91.73
2008-01-01,84.598,92.95
2008-02-01,84.73,95.35
2008-03-01,85.482,105.56
2008-04-01,86.402,112.57
2008-05-01,86.985,125.39
2008-06-01,87.486,133.93
2008-07-01,87.066,133.44
2008-08-01,86.879,116.61
2008-09-01,86.861,103.9
2008-10-01,87.16,76.65
2008-11-01,86.79,57.44
2008-12-01,86.345,41.02
2009-01-01,85.281,41.74
2009-02-01,85.29,39.16
2009-03-01,85.43,47.98
2009-04-01,86.264,49.79
2009-05-01,86.234,59.16
2009-06-01,86.614,69.68
2009-07-01,85.874,64.09
2009-08-01,86.174,71.06
2009-09-01,85.971,69.46
2009-10-01,86.584,75.82
2009-11-01,87.053,78.08
2009-12-01,87.031,74.3
2010-01-01,86.158,78.22
2010-02-01,86.001,76.42
2010-03-01,86.639,81.24
2010-04-01,87.562,84.48
2010-05-01,87.756,73.84
2010-06-01,87.913,75.35
2010-07-01,87.519,76.37
2010-08-01,87.74,76.82
2010-09-01,87.801,75.31
2010-10-01,88.603,81.9
2010-11-01,89.084,84.14
2010-12-01,89.631,89.04
2011-01-01,88.975,89.42
2011-02-01,89.088,89.58
2011-03-01,89.754,102.94
2011-04-01,90.871,110.04
2011-05-01,90.841,101.33
2011-06-01,90.713,96.29
2011-07-01,90.226,97.19
2011-08-01,90.338,86.33
2011-09-01,90.559,85.61
2011-10-01,91.273,86.41
2011-11-01,91.643,97.21
2011-12-01,91.762,98.57
2012-01-01,90.753,100.24
2012-02-01,90.847,102.25
2012-03-01,91.458,106.19
2012-04-01,92.743,103.33
2012-05-01,92.606,94.7
2012-06-01,92.433,82.41
2012-07-01,92.217,87.93
2012-08-01,92.736,94.16
2012-09-01,93.649,94.72
2012-10-01,94.445,89.57
2012-11-01,94.328,86.66
2012-12-01,94.394,88.25
2013-01-01,93.188,94.69
2013-02-01,93.349,95.32
2013-03-01,93.678,93.05
2013-04-01,94.028,92.07
2013-05-01,94.201,94.8
2013-06-01,94.34,95.8
2013-07-01,93.853,104.61
2013-08-01,94.145,106.57
2013-09-01,93.969,106.29
2013-10-01,94.351,100.54
2013-11-01,94.547,93.86
2013-12-01,94.632,97.63
2014-01-01,93.373,94.62
2014-02-01,93.333,100.82
2014-03-01,93.541,100.8
2014-04-01,94.373,102.07
2014-05-01,94.395,102.18
2014-06-01,94.421,105.79
2014-07-01,93.533,103.59
2014-08-01,93.681,96.54
2014-09-01,93.824,93.21
2014-10-01,94.261,84.4
2014-11-01,94.195,75.79
2014-12-01,93.646,59.29
2015-01-01,92.141,47.22
2015-02-01,92.331,50.58
2015-03-01,92.92,47.82
2015-04-01,93.774,54.45
2015-05-01,94.222,59.27
2015-06-01,94.474,59.82
2015-07-01,93.597,50.9
2015-08-01,93.286,42.87
2015-09-01,92.999,45.48
2015-10-01,93.595,46.22
2015-11-01,93.937,42.44
2015-12-01,93.663,37.19
2016-01-01,91.876,31.68
2016-02-01,91.552,30.32
2016-03-01,92.139,37.55
2016-04-01,92.785,40.75
2016-05-01,93.292,46.71
2016-06-01,93.723,48.76
2016-07-01,93.041,44.65
2016-08-01,93.161,44.72
2016-09-01,93.165,45.18
2016-10-01,94.23,49.78
2016-11-01,94.572,45.66
2016-12-01,95.132,51.97
2017-01-01,94.609,52.5
2017-02-01,94.269,53.47
2017-03-01,94.249,49.33
2017-04-01,95.154,51.06
2017-05-01,95.097,48.48
2017-06-01,95.138,45.18
2017-07-01,94.482,46.63
2017-08-01,94.67,48.04
2017-09-01,94.835,49.82
2017-10-01,95.71,51.58
2017-11-01,96.147,56.64
2017-12-01,96.19,57.88
2018-01-01,95.153,63.7
2018-02-01,95.281,62.23
2018-03-01,95.393,62.73
2018-04-01,96.181,66.25
2018-05-01,97.048,69.98
2018-06-01,97.302,67.87
2018-07-01,96.604,70.98
2018-08-01,96.742,68.06
2018-09-01,96.978,70.23
2018-10-01,97.875,70.75
2018-11-01,97.768,56.96
2018-12-01,97.329,49.52
2019-01-01,96.085,51.38
2019-02-01,96.32,54.95
2019-03-01,96.669,58.15
2019-04-01,97.644,63.86
2019-05-01,97.834,60.83
2019-06-01,97.719,54.66
2019-07-01,97.113,57.35
2019-08-01,97.059,54.81
2019-09-01,97.059,56.95
2019-10-01,98.001,53.96
2019-11-01,98.167,57.03
2019-12-01,98.096,59.88
